1,1,10.1.1.2,10.1.2.2,9521,0,9457,0.000000,0.000000,0.000000,0.000000
1,2,10.1.2.2,10.1.1.2,8300,0,8236,0.000000,0.000000,0.000000,0.000000
2,1,10.1.1.2,10.1.2.2,9521,1625,7832,0.170950,0.654824,3.040615,0.170675
2,2,10.1.3.2,10.1.3.1,275,275,0,0.001103,0.658734,1.000000,1.000000
2,3,10.1.2.1,10.1.2.2,1,1,0,0.000005,0.007100,1.000000,1.000000
2,4,10.1.3.1,10.1.3.2,1,1,0,0.000003,0.020697,1.000000,1.000000
2,5,10.1.1.1,10.1.1.2,65,65,0,0.000263,0.000323,1.000000,1.000000
2,6,10.1.2.2,10.1.1.2,8300,654,7582,0.068801,1.192362,3.134557,0.078795
2,7,10.1.2.4,10.1.2.1,39,39,0,0.000157,0.233044,1.000000,1.000000
2,8,10.1.2.4,10.1.2.2,4,4,0,0.000018,0.001140,1.000000,1.000000
2,9,10.1.2.1,10.1.2.4,2,2,0,0.000008,0.731756,1.000000,1.000000
3,1,10.1.1.2,10.1.2.2,9521,0,9457,0.000000,0.000000,0.000000,0.000000
3,2,10.1.2.2,10.1.1.2,8300,0,8236,0.000000,0.000000,0.000000,0.000000
4,1,10.1.1.2,10.1.2.2,9521,1143,8314,0.120244,0.368498,4.002625,0.120050
4,2,10.1.3.2,10.1.3.1,1,1,0,0.000005,0.022698,1.000000,1.000000
4,3,10.1.2.1,10.1.2.2,12,12,0,0.000049,0.001203,1.000000,1.000000
4,4,10.1.3.1,10.1.3.2,13,13,0,0.000052,0.008265,1.000000,1.000000
4,5,10.1.1.1,10.1.1.3,1,1,0,0.000005,0.002700,1.000000,1.000000
4,6,10.1.1.3,10.1.1.2,126,123,3,0.000493,0.303053,1.000000,0.976190
4,7,10.1.2.2,10.1.1.2,8300,0,8236,0.000000,0.000000,0.000000,0.000000
5,1,10.1.1.2,10.1.2.2,9521,0,9457,0.000000,0.000000,0.000000,0.000000
5,2,10.1.2.2,10.1.1.2,8300,0,8236,0.000000,0.000000,0.000000,0.000000
1,1,10.1.1.2,10.1.2.2,21728,0,21728,0.000000,0.000000,0.000000,0.000000
1,2,10.1.2.2,10.1.1.2,20507,0,20507,0.000000,0.000000,0.000000,0.000000
2,1,10.1.1.2,10.1.2.2,21728,1625,20039,0.075978,0.654824,3.040615,0.074788
2,2,10.1.3.2,10.1.3.1,275,275,0,0.000490,0.658734,1.000000,1.000000
2,3,10.1.2.1,10.1.2.2,1,1,0,0.000002,0.007100,1.000000,1.000000
2,4,10.1.3.1,10.1.3.2,1,1,0,0.000001,0.020697,1.000000,1.000000
2,5,10.1.1.1,10.1.1.2,65,65,0,0.000117,0.000323,1.000000,1.000000
2,6,10.1.2.2,10.1.1.2,20507,654,19789,0.030578,1.192362,3.134557,0.031892
2,7,10.1.2.4,10.1.2.1,39,39,0,0.000070,0.233044,1.000000,1.000000
2,8,10.1.2.4,10.1.2.2,4,4,0,0.000008,0.001140,1.000000,1.000000
2,9,10.1.2.1,10.1.2.4,2,2,0,0.000003,0.731756,1.000000,1.000000
3,1,10.1.1.2,10.1.2.2,21728,0,21728,0.000000,0.000000,0.000000,0.000000
3,2,10.1.2.2,10.1.1.2,20507,0,20507,0.000000,0.000000,0.000000,0.000000
4,1,10.1.1.2,10.1.2.2,21728,1143,20576,0.053442,0.368498,4.002625,0.052605
4,2,10.1.3.2,10.1.3.1,1,1,0,0.000002,0.022698,1.000000,1.000000
4,3,10.1.2.1,10.1.2.2,12,12,0,0.000022,0.001203,1.000000,1.000000
4,4,10.1.3.1,10.1.3.2,13,13,0,0.000023,0.008265,1.000000,1.000000
4,5,10.1.1.1,10.1.1.3,1,1,0,0.000002,0.002700,1.000000,1.000000
4,6,10.1.1.3,10.1.1.2,126,123,3,0.000219,0.303053,1.000000,0.976190
4,7,10.1.2.2,10.1.1.2,20507,0,20498,0.000000,0.000000,0.000000,0.000000
5,1,10.1.1.2,10.1.2.2,21728,0,21728,0.000000,0.000000,0.000000,0.000000
5,2,10.1.2.2,10.1.1.2,20507,0,20507,0.000000,0.000000,0.000000,0.000000
1,1,10.1.1.2,10.1.2.2,33935,0,33871,0.000000,0.000000,0.000000,0.000000
1,2,10.1.2.2,10.1.1.2,32714,0,32650,0.000000,0.000000,0.000000,0.000000
2,1,10.1.1.2,10.1.2.2,33935,1625,32246,0.048843,0.654824,3.040615,0.047886
2,2,10.1.3.2,10.1.3.1,275,275,0,0.000315,0.658734,1.000000,1.000000
2,3,10.1.2.1,10.1.2.2,1,1,0,0.000001,0.007100,1.000000,1.000000
2,4,10.1.3.1,10.1.3.2,1,1,0,0.000001,0.020697,1.000000,1.000000
2,5,10.1.1.1,10.1.1.2,65,65,0,0.000075,0.000323,1.000000,1.000000
2,6,10.1.2.2,10.1.1.2,32714,654,31996,0.019657,1.192362,3.134557,0.019991
2,7,10.1.2.4,10.1.2.1,39,39,0,0.000045,0.233044,1.000000,1.000000
2,8,10.1.2.4,10.1.2.2,4,4,0,0.000005,0.001140,1.000000,1.000000
2,9,10.1.2.1,10.1.2.4,2,2,0,0.000002,0.731756,1.000000,1.000000
3,1,10.1.1.2,10.1.2.2,33935,0,33871,0.000000,0.000000,0.000000,0.000000
3,2,10.1.2.2,10.1.1.2,32714,0,32650,0.000000,0.000000,0.000000,0.000000
4,1,10.1.1.2,10.1.2.2,33935,1143,32728,0.034355,0.368498,4.002625,0.033682
4,2,10.1.3.2,10.1.3.1,1,1,0,0.000001,0.022698,1.000000,1.000000
4,3,10.1.2.1,10.1.2.2,12,12,0,0.000014,0.001203,1.000000,1.000000
4,4,10.1.3.1,10.1.3.2,13,13,0,0.000015,0.008265,1.000000,1.000000
4,5,10.1.1.1,10.1.1.3,1,1,0,0.000001,0.002700,1.000000,1.000000
4,6,10.1.1.3,10.1.1.2,126,123,3,0.000141,0.303053,1.000000,0.976190
4,7,10.1.2.2,10.1.1.2,32714,0,32650,0.000000,0.000000,0.000000,0.000000
5,1,10.1.1.2,10.1.2.2,33935,0,33871,0.000000,0.000000,0.000000,0.000000
5,2,10.1.2.2,10.1.1.2,32714,0,32650,0.000000,0.000000,0.000000,0.000000
1,1,10.1.1.2,10.1.2.2,9521,1623,7834,0.170740,0.444112,3.292668,0.170465
1,2,10.1.3.2,10.1.3.1,1284,1284,0,0.005178,1.085611,1.000000,1.000000
1,3,10.1.2.1,10.1.2.2,1,1,0,0.000005,0.002561,1.000000,1.000000
1,4,10.1.3.1,10.1.3.2,6,6,0,0.000025,0.038348,1.000000,1.000000
1,5,10.1.1.1,10.1.1.2,296,295,1,0.001204,0.000498,1.000000,0.996622
1,6,10.1.2.2,10.1.1.2,8300,1729,6507,0.181891,0.886198,4.172354,0.208313
1,7,10.1.2.3,10.1.2.1,9,9,0,0.000043,0.003185,1.000000,1.000000
1,8,10.1.2.3,10.1.2.2,55,54,1,0.000233,0.026505,1.000000,0.981818
1,9,10.1.2.5,10.1.2.1,3,3,0,0.000014,0.523616,1.000000,1.000000
1,10,10.1.2.5,10.1.2.2,295,293,2,0.001185,0.229866,1.003413,0.993220
1,11,10.1.2.1,10.1.2.3,16,16,0,0.000064,0.004994,1.000000,1.000000
1,12,10.1.2.1,10.1.2.5,3,3,0,0.000011,0.002500,1.000000,1.000000
1,13,10.1.2.4,10.1.2.1,17,17,0,0.000080,0.005615,1.000000,1.000000
1,14,10.1.2.4,10.1.2.6,27,27,0,0.000119,0.021521,1.000000,1.000000
1,15,10.1.2.6,10.1.2.1,7,6,1,0.000028,0.003335,1.000000,0.857143
1,16,10.1.2.6,10.1.2.5,27,25,2,0.000107,0.004933,1.000000,0.925926
1,17,10.1.2.2,10.1.2.3,1,1,0,0.000005,0.000304,1.000000,1.000000
1,18,10.1.2.2,10.1.2.5,3,3,0,0.000014,0.000720,1.000000,1.000000
1,19,10.1.2.5,10.1.2.6,6,6,0,0.000028,0.265696,2.333333,1.000000
1,20,10.1.2.3,10.1.2.5,4,4,0,0.000019,0.380407,1.000000,1.000000
1,21,10.1.2.5,10.1.2.3,53,53,0,0.000211,0.282402,1.000000,1.000000
1,22,10.1.2.3,10.1.2.4,2,2,0,0.000010,0.003527,1.000000,1.000000
1,23,10.1.2.4,10.1.2.3,13,3,10,0.000011,0.378154,1.000000,0.230769
1,24,10.1.2.6,10.1.2.4,8,8,0,0.000038,0.018341,1.000000,1.000000
1,25,10.1.2.1,10.1.2.4,4,4,0,0.000019,0.002270,1.250000,1.000000
1,26,10.1.1.2,10.1.1.5,1,1,0,0.000005,0.007680,1.000000,1.000000
1,27,10.1.1.5,10.1.1.1,2,2,0,0.000010,0.001785,1.000000,1.000000
1,28,10.1.1.1,10.1.1.5,82,81,1,0.000331,0.047395,1.012346,0.987805
1,29,10.1.1.5,10.1.1.2,31,31,0,0.000132,0.011028,1.000000,1.000000
1,30,10.1.3.3,10.1.3.1,4,4,0,0.000021,0.036602,1.000000,1.000000
1,31,10.1.3.3,10.1.3.2,1,1,0,0.000005,0.054170,1.000000,1.000000
2,1,10.1.1.2,10.1.2.2,9521,0,9457,0.000000,0.000000,0.000000,0.000000
2,2,10.1.2.2,10.1.1.2,8300,0,8236,0.000000,0.000000,0.000000,0.000000
3,1,10.1.1.2,10.1.2.2,9521,0,9457,0.000000,0.000000,0.000000,0.000000
3,2,10.1.2.2,10.1.1.2,8300,0,8236,0.000000,0.000000,0.000000,0.000000
4,1,10.1.1.2,10.1.2.2,9521,30,9427,0.003156,0.145340,5.000000,0.003151
4,2,10.1.2.3,10.1.2.1,4,4,0,0.000019,0.004723,1.000000,1.000000
4,3,10.1.2.3,10.1.2.2,7,0,7,0.000000,0.000000,0.000000,0.000000
4,4,10.1.2.6,10.1.2.1,5,0,5,0.000000,0.000000,0.000000,0.000000
4,5,10.1.2.6,10.1.2.2,5,5,0,0.000023,0.001199,1.000000,1.000000
4,6,10.1.2.1,10.1.2.3,1,1,0,0.000003,0.008746,1.000000,1.000000
4,7,10.1.3.2,10.1.3.1,56,56,0,0.000230,0.007694,1.000000,1.000000
4,8,10.1.1.1,10.1.1.6,22,18,4,0.000076,0.004029,1.000000,0.818182
4,9,10.1.1.6,10.1.1.2,17,17,0,0.000073,0.001500,1.000000,1.000000
4,10,10.1.2.2,10.1.1.2,8300,0,8236,0.000000,0.000000,0.000000,0.000000
4,11,10.1.2.1,10.1.2.6,1,1,0,0.000005,0.006144,1.000000,1.000000
4,12,10.1.3.1,10.1.3.2,1,1,0,0.000005,0.035196,1.000000,1.000000
4,13,10.1.2.2,10.1.2.6,1,1,0,0.000005,0.000304,1.000000,1.000000
4,14,10.1.2.5,10.1.2.2,3,3,0,0.000014,0.002677,1.000000,1.000000
4,15,10.1.2.5,10.1.2.6,1,0,1,0.000000,0.000000,0.000000,0.000000
4,16,10.1.2.4,10.1.2.2,4,0,4,0.000000,0.000000,0.000000,0.000000
4,17,10.1.2.4,10.1.2.6,1,1,0,0.000005,0.006831,1.000000,1.000000
5,1,10.1.1.2,10.1.2.2,9521,1518,7939,0.159694,0.353363,5.303689,0.159437
5,2,10.1.3.2,10.1.3.1,257,257,0,0.001057,0.401789,1.000000,1.000000
5,3,10.1.2.1,10.1.2.2,1,1,0,0.000005,0.004800,1.000000,1.000000
5,4,10.1.3.1,10.1.3.2,211,211,0,0.000865,0.650797,1.000000,1.000000
5,5,10.1.1.1,10.1.1.4,142,142,0,0.000578,0.006697,1.014085,1.000000
5,6,10.1.1.4,10.1.1.2,432,432,0,0.001757,0.003231,1.000000,1.000000
5,7,10.1.2.3,10.1.2.1,4,4,0,0.000019,0.002633,1.000000,1.000000
5,8,10.1.2.3,10.1.2.2,281,281,0,0.001147,0.012297,1.000000,1.000000
5,9,10.1.2.1,10.1.2.3,45,42,3,0.000172,0.021150,1.000000,0.933333
5,10,10.1.2.2,10.1.1.2,8300,255,7981,0.026826,0.699512,6.658824,0.030723
5,11,10.1.1.3,10.1.1.1,5,5,0,0.000024,0.004087,1.000000,1.000000
5,12,10.1.1.3,10.1.1.4,61,61,0,0.000248,0.002496,1.000000,1.000000
5,13,10.1.1.5,10.1.1.1,12,12,0,0.000058,0.002210,1.000000,1.000000
5,14,10.1.1.5,10.1.1.4,99,99,0,0.000411,0.004267,1.000000,1.000000
5,15,10.1.1.2,10.1.1.4,4,4,0,0.000019,0.100062,1.000000,1.000000
5,16,10.1.1.4,10.1.1.1,7,7,0,0.000034,0.001100,1.000000,1.000000
5,17,10.1.2.2,10.1.2.3,4,4,0,0.000019,0.036292,1.000000,1.000000
5,18,10.1.1.4,10.1.1.5,6,6,0,0.000029,0.003558,1.000000,1.000000
5,19,10.1.1.1,10.1.1.5,42,41,1,0.000171,0.003390,1.024390,0.976190
5,20,10.1.2.3,10.1.2.4,11,11,0,0.000049,0.012898,1.000000,1.000000
5,21,10.1.2.4,10.1.2.3,287,275,12,0.001119,0.190438,1.000000,0.958188
5,22,10.1.2.4,10.1.2.1,39,39,0,0.000169,0.098121,1.025641,1.000000
5,23,10.1.2.1,10.1.2.4,49,48,1,0.000205,0.009681,1.020833,0.979592
5,24,10.1.2.3,10.1.2.6,1,1,0,0.000005,0.011132,1.000000,1.000000
5,25,10.1.2.6,10.1.2.2,11,11,0,0.000045,0.008148,1.000000,1.000000
5,26,10.1.2.6,10.1.2.3,3,3,0,0.000012,0.143289,1.000000,1.000000
5,27,10.1.1.3,10.1.1.5,2,2,0,0.000010,0.004679,1.000000,1.000000
5,28,10.1.1.1,10.1.1.3,2,2,0,0.000006,0.002462,1.000000,1.000000
1,1,10.1.1.2,10.1.2.2,21728,1623,20041,0.075884,0.444112,3.292668,0.074696
1,2,10.1.3.2,10.1.3.1,1284,1284,0,0.002301,1.085611,1.000000,1.000000
1,3,10.1.2.1,10.1.2.2,1,1,0,0.000002,0.002561,1.000000,1.000000
1,4,10.1.3.1,10.1.3.2,6,6,0,0.000011,0.038348,1.000000,1.000000
1,5,10.1.1.1,10.1.1.2,296,295,1,0.000535,0.000498,1.000000,0.996622
1,6,10.1.2.2,10.1.1.2,20507,1729,18714,0.080840,0.886198,4.172354,0.084313
1,7,10.1.2.3,10.1.2.1,9,9,0,0.000019,0.003185,1.000000,1.000000
1,8,10.1.2.3,10.1.2.2,55,54,1,0.000103,0.026505,1.000000,0.981818
1,9,10.1.2.5,10.1.2.1,3,3,0,0.000006,0.523616,1.000000,1.000000
1,10,10.1.2.5,10.1.2.2,295,293,2,0.000527,0.229866,1.003413,0.993220
1,11,10.1.2.1,10.1.2.3,16,16,0,0.000029,0.004994,1.000000,1.000000
1,12,10.1.2.1,10.1.2.5,3,3,0,0.000005,0.002500,1.000000,1.000000
1,13,10.1.2.4,10.1.2.1,17,17,0,0.000036,0.005615,1.000000,1.000000
1,14,10.1.2.4,10.1.2.6,27,27,0,0.000053,0.021521,1.000000,1.000000
1,15,10.1.2.6,10.1.2.1,7,6,1,0.000012,0.003335,1.000000,0.857143
1,16,10.1.2.6,10.1.2.5,27,25,2,0.000048,0.004933,1.000000,0.925926
1,17,10.1.2.2,10.1.2.3,1,1,0,0.000002,0.000304,1.000000,1.000000
1,18,10.1.2.2,10.1.2.5,3,3,0,0.000006,0.000720,1.000000,1.000000
1,19,10.1.2.5,10.1.2.6,6,6,0,0.000012,0.265696,2.333333,1.000000
1,20,10.1.2.3,10.1.2.5,4,4,0,0.000009,0.380407,1.000000,1.000000
1,21,10.1.2.5,10.1.2.3,53,53,0,0.000094,0.282402,1.000000,1.000000
1,22,10.1.2.3,10.1.2.4,2,2,0,0.000004,0.003527,1.000000,1.000000
1,23,10.1.2.4,10.1.2.3,13,3,10,0.000005,0.378154,1.000000,0.230769
1,24,10.1.2.6,10.1.2.4,8,8,0,0.000017,0.018341,1.000000,1.000000
1,25,10.1.2.1,10.1.2.4,4,4,0,0.000009,0.002270,1.250000,1.000000
1,26,10.1.1.2,10.1.1.5,1,1,0,0.000002,0.007680,1.000000,1.000000
1,27,10.1.1.5,10.1.1.1,2,2,0,0.000004,0.001785,1.000000,1.000000
1,28,10.1.1.1,10.1.1.5,82,81,1,0.000147,0.047395,1.012346,0.987805
1,29,10.1.1.5,10.1.1.2,31,31,0,0.000059,0.011028,1.000000,1.000000
1,30,10.1.3.3,10.1.3.1,4,4,0,0.000009,0.036602,1.000000,1.000000
1,31,10.1.3.3,10.1.3.2,1,1,0,0.000002,0.054170,1.000000,1.000000
2,1,10.1.1.2,10.1.2.2,21728,0,21728,0.000000,0.000000,0.000000,0.000000
2,2,10.1.2.2,10.1.1.2,20507,0,20507,0.000000,0.000000,0.000000,0.000000
3,1,10.1.1.2,10.1.2.2,21728,0,21728,0.000000,0.000000,0.000000,0.000000
3,2,10.1.2.2,10.1.1.2,20507,0,20507,0.000000,0.000000,0.000000,0.000000
4,1,10.1.1.2,10.1.2.2,21728,30,21689,0.001403,0.145340,5.000000,0.001381
4,2,10.1.2.3,10.1.2.1,4,4,0,0.000009,0.004723,1.000000,1.000000
4,3,10.1.2.3,10.1.2.2,7,0,7,0.000000,0.000000,0.000000,0.000000
4,4,10.1.2.6,10.1.2.1,5,0,5,0.000000,0.000000,0.000000,0.000000
4,5,10.1.2.6,10.1.2.2,5,5,0,0.000010,0.001199,1.000000,1.000000
4,6,10.1.2.1,10.1.2.3,1,1,0,0.000001,0.008746,1.000000,1.000000
4,7,10.1.3.2,10.1.3.1,56,56,0,0.000102,0.007694,1.000000,1.000000
4,8,10.1.1.1,10.1.1.6,22,18,4,0.000034,0.004029,1.000000,0.818182
4,9,10.1.1.6,10.1.1.2,17,17,0,0.000032,0.001500,1.000000,1.000000
4,10,10.1.2.2,10.1.1.2,20507,0,20443,0.000000,0.000000,0.000000,0.000000
4,11,10.1.2.1,10.1.2.6,1,1,0,0.000002,0.006144,1.000000,1.000000
4,12,10.1.3.1,10.1.3.2,1,1,0,0.000002,0.035196,1.000000,1.000000
4,13,10.1.2.2,10.1.2.6,1,1,0,0.000002,0.000304,1.000000,1.000000
4,14,10.1.2.5,10.1.2.2,3,3,0,0.000006,0.002677,1.000000,1.000000
4,15,10.1.2.5,10.1.2.6,1,0,1,0.000000,0.000000,0.000000,0.000000
4,16,10.1.2.4,10.1.2.2,4,0,4,0.000000,0.000000,0.000000,0.000000
4,17,10.1.2.4,10.1.2.6,1,1,0,0.000002,0.006831,1.000000,1.000000
5,1,10.1.1.2,10.1.2.2,21728,1518,20146,0.070975,0.353363,5.303689,0.069864
5,2,10.1.3.2,10.1.3.1,257,257,0,0.000470,0.401789,1.000000,1.000000
5,3,10.1.2.1,10.1.2.2,1,1,0,0.000002,0.004800,1.000000,1.000000
5,4,10.1.3.1,10.1.3.2,211,211,0,0.000385,0.650797,1.000000,1.000000
5,5,10.1.1.1,10.1.1.4,142,142,0,0.000257,0.006697,1.014085,1.000000
5,6,10.1.1.4,10.1.1.2,439,439,0,0.000793,0.003226,1.000000,1.000000
5,7,10.1.2.3,10.1.2.1,4,4,0,0.000009,0.002633,1.000000,1.000000
5,8,10.1.2.3,10.1.2.2,281,281,0,0.000510,0.012297,1.000000,1.000000
5,9,10.1.2.1,10.1.2.3,45,42,3,0.000076,0.021150,1.000000,0.933333
5,10,10.1.2.2,10.1.1.2,20507,255,20252,0.011923,0.699512,6.658824,0.012435
5,11,10.1.1.3,10.1.1.1,5,5,0,0.000011,0.004087,1.000000,1.000000
5,12,10.1.1.3,10.1.1.4,61,61,0,0.000110,0.002496,1.000000,1.000000
5,13,10.1.1.5,10.1.1.1,12,12,0,0.000026,0.002210,1.000000,1.000000
5,14,10.1.1.5,10.1.1.4,99,99,0,0.000183,0.004267,1.000000,1.000000
5,15,10.1.1.2,10.1.1.4,4,4,0,0.000009,0.100062,1.000000,1.000000
5,16,10.1.1.4,10.1.1.1,7,7,0,0.000015,0.001100,1.000000,1.000000
5,17,10.1.2.2,10.1.2.3,4,4,0,0.000009,0.036292,1.000000,1.000000
5,18,10.1.1.4,10.1.1.5,6,6,0,0.000013,0.003558,1.000000,1.000000
5,19,10.1.1.1,10.1.1.5,42,41,1,0.000076,0.003390,1.024390,0.976190
5,20,10.1.2.3,10.1.2.4,11,11,0,0.000022,0.012898,1.000000,1.000000
5,21,10.1.2.4,10.1.2.3,287,275,12,0.000497,0.190438,1.000000,0.958188
5,22,10.1.2.4,10.1.2.1,39,39,0,0.000075,0.098121,1.025641,1.000000
5,23,10.1.2.1,10.1.2.4,49,48,1,0.000091,0.009681,1.020833,0.979592
5,24,10.1.2.3,10.1.2.6,1,1,0,0.000002,0.011132,1.000000,1.000000
5,25,10.1.2.6,10.1.2.2,11,11,0,0.000020,0.008148,1.000000,1.000000
5,26,10.1.2.6,10.1.2.3,3,3,0,0.000005,0.143289,1.000000,1.000000
5,27,10.1.1.3,10.1.1.5,2,2,0,0.000004,0.004679,1.000000,1.000000
5,28,10.1.1.1,10.1.1.3,2,2,0,0.000003,0.002462,1.000000,1.000000
1,1,10.1.1.2,10.1.2.2,33935,1623,32248,0.048783,0.444112,3.292668,0.047827
1,2,10.1.3.2,10.1.3.1,1284,1284,0,0.001479,1.085611,1.000000,1.000000
1,3,10.1.2.1,10.1.2.2,1,1,0,0.000001,0.002561,1.000000,1.000000
1,4,10.1.3.1,10.1.3.2,6,6,0,0.000007,0.038348,1.000000,1.000000
1,5,10.1.1.1,10.1.1.2,296,295,1,0.000344,0.000498,1.000000,0.996622
1,6,10.1.2.2,10.1.1.2,32714,1729,30921,0.051969,0.886198,4.172354,0.052852
1,7,10.1.2.3,10.1.2.1,9,9,0,0.000012,0.003185,1.000000,1.000000
1,8,10.1.2.3,10.1.2.2,55,54,1,0.000067,0.026505,1.000000,0.981818
1,9,10.1.2.5,10.1.2.1,3,3,0,0.000004,0.523616,1.000000,1.000000
1,10,10.1.2.5,10.1.2.2,295,293,2,0.000339,0.229866,1.003413,0.993220
1,11,10.1.2.1,10.1.2.3,16,16,0,0.000018,0.004994,1.000000,1.000000
1,12,10.1.2.1,10.1.2.5,3,3,0,0.000003,0.002500,1.000000,1.000000
1,13,10.1.2.4,10.1.2.1,17,17,0,0.000023,0.005615,1.000000,1.000000
1,14,10.1.2.4,10.1.2.6,27,27,0,0.000034,0.021521,1.000000,1.000000
1,15,10.1.2.6,10.1.2.1,7,6,1,0.000008,0.003335,1.000000,0.857143
1,16,10.1.2.6,10.1.2.5,27,25,2,0.000031,0.004933,1.000000,0.925926
1,17,10.1.2.2,10.1.2.3,1,1,0,0.000001,0.000304,1.000000,1.000000
1,18,10.1.2.2,10.1.2.5,3,3,0,0.000004,0.000720,1.000000,1.000000
1,19,10.1.2.5,10.1.2.6,6,6,0,0.000008,0.265696,2.333333,1.000000
1,20,10.1.2.3,10.1.2.5,4,4,0,0.000005,0.380407,1.000000,1.000000
1,21,10.1.2.5,10.1.2.3,53,53,0,0.000060,0.282402,1.000000,1.000000
1,22,10.1.2.3,10.1.2.4,2,2,0,0.000003,0.003527,1.000000,1.000000
1,23,10.1.2.4,10.1.2.3,13,3,10,0.000003,0.378154,1.000000,0.230769
1,24,10.1.2.6,10.1.2.4,8,8,0,0.000011,0.018341,1.000000,1.000000
1,25,10.1.2.1,10.1.2.4,4,4,0,0.000005,0.002270,1.250000,1.000000
1,26,10.1.1.2,10.1.1.5,1,1,0,0.000001,0.007680,1.000000,1.000000
1,27,10.1.1.5,10.1.1.1,2,2,0,0.000003,0.001785,1.000000,1.000000
1,28,10.1.1.1,10.1.1.5,82,81,1,0.000095,0.047395,1.012346,0.987805
1,29,10.1.1.5,10.1.1.2,31,31,0,0.000038,0.011028,1.000000,1.000000
1,30,10.1.3.3,10.1.3.1,4,4,0,0.000006,0.036602,1.000000,1.000000
1,31,10.1.3.3,10.1.3.2,1,1,0,0.000001,0.054170,1.000000,1.000000
2,1,10.1.1.2,10.1.2.2,33935,0,33871,0.000000,0.000000,0.000000,0.000000
2,2,10.1.2.2,10.1.1.2,32714,0,32650,0.000000,0.000000,0.000000,0.000000
3,1,10.1.1.2,10.1.2.2,33935,0,33871,0.000000,0.000000,0.000000,0.000000
3,2,10.1.2.2,10.1.1.2,32714,0,32650,0.000000,0.000000,0.000000,0.000000
4,1,10.1.1.2,10.1.2.2,33935,20,33851,0.000601,0.079354,5.000000,0.000589
4,2,10.1.2.3,10.1.2.1,3,3,0,0.000004,0.002096,1.000000,1.000000
4,3,10.1.2.3,10.1.2.2,11412,3,11409,0.000003,0.006878,1.000000,0.000263
4,4,10.1.2.6,10.1.2.1,1,0,1,0.000000,0.000000,0.000000,0.000000
4,5,10.1.2.6,10.1.2.2,13,13,0,0.000016,0.000449,1.000000,1.000000
4,6,10.1.2.1,10.1.2.3,1,1,0,0.000001,0.008746,1.000000,1.000000
4,7,10.1.3.2,10.1.3.1,36,36,0,0.000043,0.049964,1.000000,1.000000
4,8,10.1.1.1,10.1.1.6,14,14,0,0.000017,0.001048,1.000000,1.000000
4,9,10.1.1.6,10.1.1.2,16,16,0,0.000019,0.000732,1.000000,1.000000
4,10,10.1.2.2,10.1.1.2,32714,5,32645,0.000150,0.033008,5.000000,0.000153
4,11,10.1.2.1,10.1.2.6,1,1,0,0.000001,0.007304,1.000000,1.000000
4,12,10.1.2.2,10.1.2.3,1,1,0,0.000001,0.003820,1.000000,1.000000
5,1,10.1.1.2,10.1.2.2,33935,1518,32353,0.045627,0.353363,5.303689,0.044733
5,2,10.1.3.2,10.1.3.1,257,257,0,0.000302,0.401789,1.000000,1.000000
5,3,10.1.2.1,10.1.2.2,1,1,0,0.000001,0.004800,1.000000,1.000000
5,4,10.1.3.1,10.1.3.2,211,211,0,0.000247,0.650797,1.000000,1.000000
5,5,10.1.1.1,10.1.1.4,142,142,0,0.000165,0.006697,1.014085,1.000000
5,6,10.1.1.4,10.1.1.2,447,445,2,0.000517,0.003193,1.000000,0.995526
5,7,10.1.2.3,10.1.2.1,4,4,0,0.000005,0.002633,1.000000,1.000000
5,8,10.1.2.3,10.1.2.2,281,281,0,0.000328,0.012297,1.000000,1.000000
5,9,10.1.2.1,10.1.2.3,45,42,3,0.000049,0.021150,1.000000,0.933333
5,10,10.1.2.2,10.1.1.2,32714,255,32395,0.007665,0.699512,6.658824,0.007795
5,11,10.1.1.3,10.1.1.1,5,5,0,0.000007,0.004087,1.000000,1.000000
5,12,10.1.1.3,10.1.1.4,61,61,0,0.000071,0.002496,1.000000,1.000000
5,13,10.1.1.5,10.1.1.1,12,12,0,0.000016,0.002210,1.000000,1.000000
5,14,10.1.1.5,10.1.1.4,99,99,0,0.000117,0.004267,1.000000,1.000000
5,15,10.1.1.2,10.1.1.4,4,4,0,0.000005,0.100062,1.000000,1.000000
5,16,10.1.1.4,10.1.1.1,7,7,0,0.000010,0.001100,1.000000,1.000000
5,17,10.1.2.2,10.1.2.3,4,4,0,0.000005,0.036292,1.000000,1.000000
5,18,10.1.1.4,10.1.1.5,6,6,0,0.000008,0.003558,1.000000,1.000000
5,19,10.1.1.1,10.1.1.5,42,41,1,0.000049,0.003390,1.024390,0.976190
5,20,10.1.2.3,10.1.2.4,11,11,0,0.000014,0.012898,1.000000,1.000000
5,21,10.1.2.4,10.1.2.3,287,275,12,0.000320,0.190438,1.000000,0.958188
5,22,10.1.2.4,10.1.2.1,39,39,0,0.000048,0.098121,1.025641,1.000000
5,23,10.1.2.1,10.1.2.4,49,48,1,0.000059,0.009681,1.020833,0.979592
5,24,10.1.2.3,10.1.2.6,1,1,0,0.000001,0.011132,1.000000,1.000000
5,25,10.1.2.6,10.1.2.2,11,11,0,0.000013,0.008148,1.000000,1.000000
5,26,10.1.2.6,10.1.2.3,3,3,0,0.000003,0.143289,1.000000,1.000000
5,27,10.1.1.3,10.1.1.5,2,2,0,0.000003,0.004679,1.000000,1.000000
5,28,10.1.1.1,10.1.1.3,2,2,0,0.000002,0.002462,1.000000,1.000000
1,1,10.1.1.2,10.1.2.2,9521,1127,8330,0.118560,0.473364,3.789707,0.118370
1,2,10.1.3.2,10.1.3.1,700,700,0,0.002814,1.125180,1.000000,1.000000
1,3,10.1.2.1,10.1.2.2,1,1,0,0.000005,0.003160,1.000000,1.000000
1,4,10.1.3.1,10.1.3.2,1,1,0,0.000003,0.027159,1.000000,1.000000
1,5,10.1.1.1,10.1.1.2,161,160,1,0.000647,0.000415,1.000000,0.993789
1,6,10.1.2.7,10.1.2.1,7,7,0,0.000034,0.286999,1.000000,1.000000
1,7,10.1.2.7,10.1.2.2,129,129,0,0.000522,0.293109,1.000000,1.000000
1,8,10.1.2.4,10.1.2.1,2,2,0,0.000010,0.008728,1.000000,1.000000
1,9,10.1.2.4,10.1.2.2,3,3,0,0.000014,0.001583,1.000000,1.000000
1,10,10.1.2.1,10.1.2.4,2,2,0,0.000006,0.008099,1.000000,1.000000
1,11,10.1.2.1,10.1.2.7,6,6,0,0.000018,0.010188,1.166667,1.000000
1,12,10.1.2.2,10.1.1.2,8300,640,7596,0.067328,1.391963,4.000000,0.077108
2,1,10.1.1.2,10.1.2.2,9521,0,9457,0.000000,0.000000,0.000000,0.000000
2,2,10.1.2.2,10.1.1.2,8300,0,8236,0.000000,0.000000,0.000000,0.000000
3,1,10.1.1.2,10.1.2.2,9521,4204,5253,0.442261,1.081195,3.192436,0.441550
3,2,10.1.3.2,10.1.3.1,4,4,0,0.000019,0.355283,1.000000,1.000000
3,3,10.1.2.1,10.1.2.2,175,165,10,0.000684,0.003129,1.000000,0.942857
3,4,10.1.3.1,10.1.3.2,524,524,0,0.002121,1.153395,1.000000,1.000000
3,5,10.1.1.1,10.1.1.2,4,4,0,0.000019,0.005878,1.000000,1.000000
3,6,10.1.2.2,10.1.1.2,8300,2458,5778,0.258582,1.269078,3.081774,0.296145
3,7,10.1.1.1,10.1.1.3,18,17,1,0.000078,0.031803,1.058824,0.944444
3,8,10.1.1.3,10.1.1.2,283,283,0,0.001148,0.199412,1.000000,1.000000
3,9,10.1.1.3,10.1.1.1,14,12,2,0.000058,0.105465,1.333333,0.857143
3,10,10.1.2.1,10.1.2.3,13,13,0,0.000054,0.000300,1.000000,1.000000
3,11,10.1.2.3,10.1.2.2,12,12,0,0.000050,0.000402,1.000000,1.000000
3,12,10.1.1.2,10.1.1.3,3,3,0,0.000014,0.002973,1.000000,1.000000
3,13,10.1.1.4,10.1.1.2,14,14,0,0.000058,0.002892,1.000000,1.000000
3,14,10.1.1.4,10.1.1.3,2,2,0,0.000010,0.025773,1.000000,1.000000
3,15,10.1.1.5,10.1.1.2,3,3,0,0.000014,0.001515,1.000000,1.000000
3,16,10.1.1.5,10.1.1.3,12,12,0,0.000054,0.006160,1.000000,1.000000
3,17,10.1.1.8,10.1.1.2,17,0,17,0.000000,0.000000,0.000000,0.000000
3,18,10.1.1.8,10.1.1.5,2,2,0,0.000010,1.934481,1.000000,1.000000
3,19,10.1.1.7,10.1.1.2,16,0,16,0.000000,0.000000,0.000000,0.000000
3,20,10.1.1.7,10.1.1.5,3,3,0,0.000014,0.335306,1.000000,1.000000
3,21,10.1.1.3,10.1.1.4,15,2,13,0.000010,0.175936,3.000000,0.133333
3,22,10.1.1.2,10.1.1.4,1,1,0,0.000005,0.009449,1.000000,1.000000
3,23,10.1.1.5,10.1.1.4,1,1,0,0.000005,0.008872,1.000000,1.000000
3,24,10.1.1.3,10.1.1.5,4,4,0,0.000017,0.042282,1.000000,1.000000
3,25,10.1.1.5,10.1.1.7,2,2,0,0.000010,0.008266,1.000000,1.000000
4,1,10.1.1.2,10.1.2.2,9521,1220,8237,0.128344,0.424396,4.054918,0.128138
4,2,10.1.3.2,10.1.3.1,443,443,0,0.001813,0.752476,1.000000,1.000000
4,3,10.1.2.1,10.1.2.2,1,1,0,0.000005,0.008980,1.000000,1.000000
4,4,10.1.3.1,10.1.3.2,42,42,0,0.000182,0.391835,1.000000,1.000000
4,5,10.1.1.1,10.1.1.2,61,58,3,0.000238,0.000653,1.000000,0.950820
4,6,10.1.2.5,10.1.2.1,4,4,0,0.000019,0.006289,1.000000,1.000000
4,7,10.1.2.5,10.1.2.2,201,201,0,0.000822,0.007108,1.000000,1.000000
4,8,10.1.2.8,10.1.2.4,39,39,0,0.000161,0.002736,1.000000,1.000000
4,9,10.1.2.8,10.1.2.2,132,132,0,0.000548,0.049380,1.007576,1.000000
4,10,10.1.2.1,10.1.2.5,26,24,2,0.000095,0.000718,1.000000,0.923077
4,11,10.1.2.4,10.1.2.8,110,110,0,0.000446,0.033982,1.000000,1.000000
4,12,10.1.2.4,10.1.2.1,29,29,0,0.000131,0.008261,1.000000,1.000000
4,13,10.1.2.2,10.1.1.2,8300,377,7923,0.039660,0.956839,4.344828,0.045422
4,14,10.1.2.6,10.1.2.1,14,14,0,0.000066,0.022793,1.071429,1.000000
4,15,10.1.2.6,10.1.2.2,2,2,0,0.000010,0.502072,1.000000,1.000000
4,16,10.1.2.1,10.1.2.6,10,10,0,0.000042,0.208194,1.200000,1.000000
4,17,10.1.2.6,10.1.2.5,7,7,0,0.000033,0.004083,1.000000,1.000000
4,18,10.1.1.3,10.1.1.1,13,11,2,0.000050,0.003086,1.090909,0.846154
4,19,10.1.1.3,10.1.1.2,51,51,0,0.000216,0.002119,1.000000,1.000000
4,20,10.1.1.4,10.1.1.1,1,1,0,0.000005,0.012007,1.000000,1.000000
4,21,10.1.1.4,10.1.1.2,56,56,0,0.000230,0.001533,1.000000,1.000000
4,22,10.1.1.8,10.1.1.1,4,4,0,0.000019,0.003686,1.000000,1.000000
4,23,10.1.1.8,10.1.1.2,97,97,0,0.000402,0.001449,1.000000,1.000000
4,24,10.1.1.1,10.1.1.8,75,71,4,0.000297,0.066135,1.014085,0.946667
4,25,10.1.1.1,10.1.1.4,4,4,0,0.000017,0.004272,1.000000,1.000000
4,26,10.1.1.1,10.1.1.3,72,69,3,0.000280,0.063171,1.000000,0.958333
4,27,10.1.1.2,10.1.1.8,2,2,0,0.000008,0.000404,1.000000,1.000000
4,28,10.1.2.4,10.1.2.5,58,57,1,0.000236,0.066820,1.000000,0.982759
4,29,10.1.2.2,10.1.2.5,1,1,0,0.000005,0.000304,1.000000,1.000000
4,30,10.1.2.5,10.1.2.6,3,3,0,0.000013,0.007030,1.000000,1.000000
4,31,10.1.2.1,10.1.2.4,19,17,2,0.000073,0.010185,1.294118,0.894737
4,32,10.1.2.6,10.1.2.4,3,3,0,0.000014,0.005665,1.000000,1.000000
4,33,10.1.2.5,10.1.2.4,2,2,0,0.000010,0.054255,2.500000,1.000000
4,34,10.1.2.8,10.1.2.5,1,1,0,0.000005,0.016219,1.000000,1.000000
4,35,10.1.2.5,10.1.2.8,1,1,0,0.000003,0.010026,1.000000,1.000000
4,36,10.1.2.6,10.1.2.8,53,53,0,0.000218,0.096695,1.000000,1.000000
4,37,10.1.2.2,10.1.2.8,1,1,0,0.000005,0.275535,1.000000,1.000000
4,38,10.1.1.2,10.1.1.3,7,6,1,0.000027,0.011705,1.333333,0.857143
4,39,10.1.1.7,10.1.1.2,25,25,0,0.000102,0.000934,1.000000,1.000000
4,40,10.1.1.7,10.1.1.3,1,1,0,0.000005,0.014132,1.000000,1.000000
4,41,10.1.1.6,10.1.1.4,24,15,9,0.000063,0.120023,1.000000,0.625000
4,42,10.1.1.6,10.1.1.3,2,2,0,0.000010,0.502461,1.000000,1.000000
4,43,10.1.1.3,10.1.1.7,3,3,0,0.000012,0.004779,1.000000,1.000000
4,44,10.1.2.4,10.1.2.6,1,1,0,0.000005,0.065828,1.000000,1.000000
4,45,10.1.1.4,10.1.1.3,2,2,0,0.000010,0.007296,1.000000,1.000000
4,46,10.1.1.3,10.1.1.4,7,7,0,0.000028,0.008491,1.285714,1.000000
4,47,10.1.1.2,10.1.1.4,1,1,0,0.000005,0.045590,1.000000,1.000000
4,48,10.1.1.3,10.1.1.8,1,1,0,0.000005,0.009118,1.000000,1.000000
4,49,10.1.2.8,10.1.2.6,1,1,0,0.000005,0.007290,1.000000,1.000000
4,50,10.1.1.5,10.1.1.3,4,4,0,0.000018,0.001657,1.000000,1.000000
4,51,10.1.1.5,10.1.1.1,2,2,0,0.000010,0.005061,1.000000,1.000000
4,52,10.1.1.3,10.1.1.5,2,2,0,0.000006,0.008403,1.500000,1.000000
4,53,10.1.1.8,10.1.1.3,1,1,0,0.000005,0.007603,1.000000,1.000000
4,54,10.1.1.4,10.1.1.6,1,1,0,0.000003,0.000643,1.000000,1.000000
5,1,10.1.1.2,10.1.2.2,9521,1332,8125,0.140126,0.519067,4.247748,0.139901
5,2,10.1.2.7,10.1.2.1,32,31,1,0.000147,0.010862,1.000000,0.968750
5,3,10.1.2.7,10.1.2.2,287,287,0,0.001183,0.163719,1.000000,1.000000
5,4,10.1.2.6,10.1.2.1,9,9,0,0.000042,0.005041,1.000000,1.000000
5,5,10.1.2.6,10.1.2.2,87,77,10,0.000321,0.003765,1.000000,0.885057
5,6,10.1.2.1,10.1.2.6,7,7,0,0.000023,0.144022,1.000000,1.000000
5,7,10.1.3.2,10.1.3.1,1990,1990,0,0.008022,1.274912,1.000000,1.000000
5,8,10.1.2.1,10.1.2.7,119,117,2,0.000465,0.348009,1.512821,0.983193
5,9,10.1.1.1,10.1.1.2,601,591,10,0.002407,0.005334,1.001692,0.983361
5,10,10.1.2.2,10.1.1.2,8300,1983,6253,0.208612,1.294084,4.155825,0.238916
5,11,10.1.3.1,10.1.3.2,50,50,0,0.000210,0.313843,1.000000,1.000000
5,12,10.1.2.6,10.1.2.4,6,6,0,0.000022,0.001875,1.000000,1.000000
5,13,10.1.2.4,10.1.2.2,44,44,0,0.000187,0.001421,1.000000,1.000000
5,14,10.1.2.7,10.1.2.4,6,6,0,0.000029,0.018537,1.000000,1.000000
5,15,10.1.2.8,10.1.2.1,5,5,0,0.000024,0.420147,1.000000,1.000000
5,16,10.1.2.8,10.1.2.7,9,8,1,0.000037,0.256656,1.000000,0.888889
5,17,10.1.2.5,10.1.2.1,9,7,2,0.000034,0.572794,1.000000,0.777778
5,18,10.1.2.5,10.1.2.8,7,7,0,0.000032,0.320367,1.000000,1.000000
5,19,10.1.2.4,10.1.2.6,4,4,0,0.000019,0.000304,1.000000,1.000000
5,20,10.1.2.6,10.1.2.8,5,5,0,0.000024,0.003872,1.000000,1.000000
5,21,10.1.2.8,10.1.2.5,4,4,0,0.000019,0.010469,1.000000,1.000000
5,22,10.1.2.7,10.1.2.6,2,2,0,0.000010,0.003129,1.000000,1.000000
5,23,10.1.2.1,10.1.2.5,1,1,0,0.000005,0.013492,1.000000,1.000000
5,24,10.1.2.8,10.1.2.6,5,5,0,0.000022,0.002019,1.000000,1.000000
5,25,10.1.2.6,10.1.2.7,3,3,0,0.000013,0.036123,1.000000,1.000000
5,26,10.1.1.1,10.1.1.7,33,32,1,0.000133,0.002423,1.000000,0.969697
5,27,10.1.1.7,10.1.1.2,159,159,0,0.000642,0.054374,1.000000,1.000000
5,28,10.1.1.7,10.1.1.1,2,2,0,0.000010,0.006015,1.000000,1.000000
5,29,10.1.2.4,10.1.2.7,1,1,0,0.000005,0.010886,1.000000,1.000000
5,30,10.1.1.2,10.1.1.1,3,3,0,0.000014,0.092849,1.000000,1.000000
5,31,10.1.1.5,10.1.1.2,8,8,0,0.000033,0.002489,1.000000,1.000000
5,32,10.1.1.5,10.1.1.7,1,1,0,0.000005,0.011315,1.000000,1.000000
5,33,10.1.1.7,10.1.1.5,3,3,0,0.000012,0.006160,1.000000,1.000000
1,1,10.1.1.2,10.1.2.2,21728,1127,20601,0.052694,0.473364,3.789707,0.051869
1,2,10.1.3.2,10.1.3.1,700,700,0,0.001251,1.125180,1.000000,1.000000
1,3,10.1.2.1,10.1.2.2,1,1,0,0.000002,0.003160,1.000000,1.000000
1,4,10.1.3.1,10.1.3.2,1,1,0,0.000001,0.027159,1.000000,1.000000
1,5,10.1.1.1,10.1.1.2,161,160,1,0.000288,0.000415,1.000000,0.993789
1,6,10.1.2.7,10.1.2.1,7,7,0,0.000015,0.286999,1.000000,1.000000
1,7,10.1.2.7,10.1.2.2,129,129,0,0.000232,0.293109,1.000000,1.000000
1,8,10.1.2.4,10.1.2.1,2,2,0,0.000004,0.008728,1.000000,1.000000
1,9,10.1.2.4,10.1.2.2,3,3,0,0.000006,0.001583,1.000000,1.000000
1,10,10.1.2.1,10.1.2.4,2,2,0,0.000003,0.008099,1.000000,1.000000
1,11,10.1.2.1,10.1.2.7,6,6,0,0.000008,0.010188,1.166667,1.000000
1,12,10.1.2.2,10.1.1.2,20507,640,19803,0.029924,1.391963,4.000000,0.031209
2,1,10.1.1.2,10.1.2.2,21728,0,21728,0.000000,0.000000,0.000000,0.000000
2,2,10.1.2.2,10.1.1.2,20507,0,20507,0.000000,0.000000,0.000000,0.000000
3,1,10.1.1.2,10.1.2.2,21728,4204,17460,0.196560,1.081195,3.192436,0.193483
3,2,10.1.3.2,10.1.3.1,4,4,0,0.000009,0.355283,1.000000,1.000000
3,3,10.1.2.1,10.1.2.2,175,165,10,0.000304,0.003129,1.000000,0.942857
3,4,10.1.3.1,10.1.3.2,524,524,0,0.000942,1.153395,1.000000,1.000000
3,5,10.1.1.1,10.1.1.2,4,4,0,0.000009,0.005878,1.000000,1.000000
3,6,10.1.2.2,10.1.1.2,20507,2458,17985,0.114925,1.269078,3.081774,0.119862
3,7,10.1.1.1,10.1.1.3,18,17,1,0.000035,0.031803,1.058824,0.944444
3,8,10.1.1.3,10.1.1.2,286,286,0,0.000517,0.197359,1.000000,1.000000
3,9,10.1.1.3,10.1.1.1,14,12,2,0.000026,0.105465,1.333333,0.857143
3,10,10.1.2.1,10.1.2.3,13,13,0,0.000024,0.000300,1.000000,1.000000
3,11,10.1.2.3,10.1.2.2,12,12,0,0.000022,0.000402,1.000000,1.000000
3,12,10.1.1.2,10.1.1.3,10,10,0,0.000019,0.009096,1.300000,1.000000
3,13,10.1.1.4,10.1.1.2,14,14,0,0.000026,0.002892,1.000000,1.000000
3,14,10.1.1.4,10.1.1.3,2,2,0,0.000004,0.025773,1.000000,1.000000
3,15,10.1.1.5,10.1.1.2,4,4,0,0.000007,0.001262,1.000000,1.000000
3,16,10.1.1.5,10.1.1.3,18,18,0,0.000035,0.005439,1.055556,1.000000
3,17,10.1.1.8,10.1.1.2,17,0,17,0.000000,0.000000,0.000000,0.000000
3,18,10.1.1.8,10.1.1.5,2,2,0,0.000004,1.934481,1.000000,1.000000
3,19,10.1.1.7,10.1.1.2,21,0,21,0.000000,0.000000,0.000000,0.000000
3,20,10.1.1.7,10.1.1.5,3,3,0,0.000006,0.335306,1.000000,1.000000
3,21,10.1.1.3,10.1.1.4,15,2,13,0.000004,0.175936,3.000000,0.133333
3,22,10.1.1.2,10.1.1.4,1,1,0,0.000002,0.009449,1.000000,1.000000
3,23,10.1.1.5,10.1.1.4,1,1,0,0.000002,0.008872,1.000000,1.000000
3,24,10.1.1.3,10.1.1.5,5,5,0,0.000010,0.033887,1.000000,1.000000
3,25,10.1.1.5,10.1.1.7,2,2,0,0.000004,0.008266,1.000000,1.000000
3,26,10.1.1.2,10.1.1.5,1,1,0,0.000002,0.009957,1.000000,1.000000
3,27,10.1.1.7,10.1.1.3,1,0,1,0.000000,0.000000,0.000000,0.000000
4,1,10.1.1.2,10.1.2.2,21728,1220,20444,0.057042,0.424396,4.054918,0.056149
4,2,10.1.3.2,10.1.3.1,443,443,0,0.000806,0.752476,1.000000,1.000000
4,3,10.1.2.1,10.1.2.2,1,1,0,0.000002,0.008980,1.000000,1.000000
4,4,10.1.3.1,10.1.3.2,42,42,0,0.000081,0.391835,1.000000,1.000000
4,5,10.1.1.1,10.1.1.2,61,58,3,0.000106,0.000653,1.000000,0.950820
4,6,10.1.2.5,10.1.2.1,4,4,0,0.000009,0.006289,1.000000,1.000000
4,7,10.1.2.5,10.1.2.2,201,201,0,0.000366,0.007108,1.000000,1.000000
4,8,10.1.2.8,10.1.2.4,39,39,0,0.000071,0.002736,1.000000,1.000000
4,9,10.1.2.8,10.1.2.2,132,132,0,0.000244,0.049380,1.007576,1.000000
4,10,10.1.2.1,10.1.2.5,26,24,2,0.000042,0.000718,1.000000,0.923077
4,11,10.1.2.4,10.1.2.8,110,110,0,0.000198,0.033982,1.000000,1.000000
4,12,10.1.2.4,10.1.2.1,29,29,0,0.000058,0.008261,1.000000,1.000000
4,13,10.1.2.2,10.1.1.2,20507,377,20066,0.017627,0.956839,4.344828,0.018384
4,14,10.1.2.6,10.1.2.1,14,14,0,0.000030,0.022793,1.071429,1.000000
4,15,10.1.2.6,10.1.2.2,2,2,0,0.000004,0.502072,1.000000,1.000000
4,16,10.1.2.1,10.1.2.6,10,10,0,0.000019,0.208194,1.200000,1.000000
4,17,10.1.2.6,10.1.2.5,7,7,0,0.000015,0.004083,1.000000,1.000000
4,18,10.1.1.3,10.1.1.1,13,11,2,0.000022,0.003086,1.090909,0.846154
4,19,10.1.1.3,10.1.1.2,51,51,0,0.000096,0.002119,1.000000,1.000000
4,20,10.1.1.4,10.1.1.1,1,1,0,0.000002,0.012007,1.000000,1.000000
4,21,10.1.1.4,10.1.1.2,69,65,4,0.000118,0.002999,1.000000,0.942029
4,22,10.1.1.8,10.1.1.1,4,4,0,0.000009,0.003686,1.000000,1.000000
4,23,10.1.1.8,10.1.1.2,104,104,0,0.000191,0.001448,1.000000,1.000000
4,24,10.1.1.1,10.1.1.8,75,71,4,0.000132,0.066135,1.014085,0.946667
4,25,10.1.1.1,10.1.1.4,4,4,0,0.000008,0.004272,1.000000,1.000000
4,26,10.1.1.1,10.1.1.3,72,69,3,0.000124,0.063171,1.000000,0.958333
4,27,10.1.1.2,10.1.1.8,2,2,0,0.000003,0.000404,1.000000,1.000000
4,28,10.1.2.4,10.1.2.5,58,57,1,0.000105,0.066820,1.000000,0.982759
4,29,10.1.2.2,10.1.2.5,1,1,0,0.000002,0.000304,1.000000,1.000000
4,30,10.1.2.5,10.1.2.6,3,3,0,0.000006,0.007030,1.000000,1.000000
4,31,10.1.2.1,10.1.2.4,19,17,2,0.000033,0.010185,1.294118,0.894737
4,32,10.1.2.6,10.1.2.4,3,3,0,0.000006,0.005665,1.000000,1.000000
4,33,10.1.2.5,10.1.2.4,2,2,0,0.000004,0.054255,2.500000,1.000000
4,34,10.1.2.8,10.1.2.5,1,1,0,0.000002,0.016219,1.000000,1.000000
4,35,10.1.2.5,10.1.2.8,1,1,0,0.000001,0.010026,1.000000,1.000000
4,36,10.1.2.6,10.1.2.8,53,53,0,0.000097,0.096695,1.000000,1.000000
4,37,10.1.2.2,10.1.2.8,1,1,0,0.000002,0.275535,1.000000,1.000000
4,38,10.1.1.2,10.1.1.3,14,13,1,0.000025,0.008134,1.153846,0.928571
4,39,10.1.1.7,10.1.1.2,25,25,0,0.000046,0.000934,1.000000,1.000000
4,40,10.1.1.7,10.1.1.3,1,1,0,0.000002,0.014132,1.000000,1.000000
4,41,10.1.1.6,10.1.1.4,24,15,9,0.000028,0.120023,1.000000,0.625000
4,42,10.1.1.6,10.1.1.3,2,2,0,0.000004,0.502461,1.000000,1.000000
4,43,10.1.1.3,10.1.1.7,3,3,0,0.000005,0.004779,1.000000,1.000000
4,44,10.1.2.4,10.1.2.6,1,1,0,0.000002,0.065828,1.000000,1.000000
4,45,10.1.1.4,10.1.1.3,2,2,0,0.000004,0.007296,1.000000,1.000000
4,46,10.1.1.3,10.1.1.4,7,7,0,0.000012,0.008491,1.285714,1.000000
4,47,10.1.1.2,10.1.1.4,1,1,0,0.000002,0.045590,1.000000,1.000000
4,48,10.1.1.3,10.1.1.8,1,1,0,0.000002,0.009118,1.000000,1.000000
4,49,10.1.2.8,10.1.2.6,1,1,0,0.000002,0.007290,1.000000,1.000000
4,50,10.1.1.5,10.1.1.3,4,4,0,0.000008,0.001657,1.000000,1.000000
4,51,10.1.1.5,10.1.1.1,2,2,0,0.000004,0.005061,1.000000,1.000000
4,52,10.1.1.3,10.1.1.5,2,2,0,0.000003,0.008403,1.500000,1.000000
4,53,10.1.1.8,10.1.1.3,1,1,0,0.000002,0.007603,1.000000,1.000000
4,54,10.1.1.4,10.1.1.6,1,1,0,0.000001,0.000643,1.000000,1.000000
5,1,10.1.1.2,10.1.2.2,21728,1332,20332,0.062278,0.519067,4.247748,0.061303
5,2,10.1.2.7,10.1.2.1,32,31,1,0.000065,0.010862,1.000000,0.968750
5,3,10.1.2.7,10.1.2.2,287,287,0,0.000526,0.163719,1.000000,1.000000
5,4,10.1.2.6,10.1.2.1,9,9,0,0.000019,0.005041,1.000000,1.000000
5,5,10.1.2.6,10.1.2.2,87,77,10,0.000143,0.003765,1.000000,0.885057
5,6,10.1.2.1,10.1.2.6,7,7,0,0.000010,0.144022,1.000000,1.000000
5,7,10.1.3.2,10.1.3.1,1990,1990,0,0.003565,1.274912,1.000000,1.000000
5,8,10.1.2.1,10.1.2.7,119,117,2,0.000206,0.348009,1.512821,0.983193
5,9,10.1.1.1,10.1.1.2,601,591,10,0.001070,0.005334,1.001692,0.983361
5,10,10.1.2.2,10.1.1.2,20507,1983,18460,0.092716,1.294084,4.155825,0.096699
5,11,10.1.3.1,10.1.3.2,50,50,0,0.000093,0.313843,1.000000,1.000000
5,12,10.1.2.6,10.1.2.4,6,6,0,0.000010,0.001875,1.000000,1.000000
5,13,10.1.2.4,10.1.2.2,56,56,0,0.000105,0.001180,1.000000,1.000000
5,14,10.1.2.7,10.1.2.4,6,6,0,0.000013,0.018537,1.000000,1.000000
5,15,10.1.2.8,10.1.2.1,5,5,0,0.000011,0.420147,1.000000,1.000000
5,16,10.1.2.8,10.1.2.7,9,8,1,0.000016,0.256656,1.000000,0.888889
5,17,10.1.2.5,10.1.2.1,9,7,2,0.000015,0.572794,1.000000,0.777778
5,18,10.1.2.5,10.1.2.8,7,7,0,0.000014,0.320367,1.000000,1.000000
5,19,10.1.2.4,10.1.2.6,4,4,0,0.000009,0.000304,1.000000,1.000000
5,20,10.1.2.6,10.1.2.8,5,5,0,0.000011,0.003872,1.000000,1.000000
5,21,10.1.2.8,10.1.2.5,4,4,0,0.000009,0.010469,1.000000,1.000000
5,22,10.1.2.7,10.1.2.6,2,2,0,0.000004,0.003129,1.000000,1.000000
5,23,10.1.2.1,10.1.2.5,1,1,0,0.000002,0.013492,1.000000,1.000000
5,24,10.1.2.8,10.1.2.6,5,5,0,0.000010,0.002019,1.000000,1.000000
5,25,10.1.2.6,10.1.2.7,3,3,0,0.000006,0.036123,1.000000,1.000000
5,26,10.1.1.1,10.1.1.7,33,32,1,0.000059,0.002423,1.000000,0.969697
5,27,10.1.1.7,10.1.1.2,159,159,0,0.000286,0.054374,1.000000,1.000000
5,28,10.1.1.7,10.1.1.1,2,2,0,0.000004,0.006015,1.000000,1.000000
5,29,10.1.2.4,10.1.2.7,1,1,0,0.000002,0.010886,1.000000,1.000000
5,30,10.1.1.2,10.1.1.1,3,3,0,0.000006,0.092849,1.000000,1.000000
5,31,10.1.1.5,10.1.1.2,8,8,0,0.000015,0.002489,1.000000,1.000000
5,32,10.1.1.5,10.1.1.7,1,1,0,0.000002,0.011315,1.000000,1.000000
5,33,10.1.1.7,10.1.1.5,3,3,0,0.000005,0.006160,1.000000,1.000000
1,1,10.1.1.2,10.1.2.2,33935,1127,32744,0.033874,0.473364,3.789707,0.033211
1,2,10.1.3.2,10.1.3.1,700,700,0,0.000804,1.125180,1.000000,1.000000
1,3,10.1.2.1,10.1.2.2,1,1,0,0.000001,0.003160,1.000000,1.000000
1,4,10.1.3.1,10.1.3.2,1,1,0,0.000001,0.027159,1.000000,1.000000
1,5,10.1.1.1,10.1.1.2,161,160,1,0.000185,0.000415,1.000000,0.993789
1,6,10.1.2.7,10.1.2.1,7,7,0,0.000010,0.286999,1.000000,1.000000
1,7,10.1.2.7,10.1.2.2,129,129,0,0.000149,0.293109,1.000000,1.000000
1,8,10.1.2.4,10.1.2.1,2,2,0,0.000003,0.008728,1.000000,1.000000
1,9,10.1.2.4,10.1.2.2,3,3,0,0.000004,0.001583,1.000000,1.000000
1,10,10.1.2.1,10.1.2.4,2,2,0,0.000002,0.008099,1.000000,1.000000
1,11,10.1.2.1,10.1.2.7,6,6,0,0.000005,0.010188,1.166667,1.000000
1,12,10.1.2.2,10.1.1.2,32714,640,32010,0.019237,1.391963,4.000000,0.019563
2,1,10.1.1.2,10.1.2.2,33935,0,33871,0.000000,0.000000,0.000000,0.000000
2,2,10.1.2.2,10.1.1.2,32714,0,32650,0.000000,0.000000,0.000000,0.000000
3,1,10.1.1.2,10.1.2.2,33935,4204,29667,0.126360,1.081195,3.192436,0.123884
3,2,10.1.3.2,10.1.3.1,4,4,0,0.000005,0.355283,1.000000,1.000000
3,3,10.1.2.1,10.1.2.2,175,165,10,0.000195,0.003129,1.000000,0.942857
3,4,10.1.3.1,10.1.3.2,524,524,0,0.000606,1.153395,1.000000,1.000000
3,5,10.1.1.1,10.1.1.2,4,4,0,0.000005,0.005878,1.000000,1.000000
3,6,10.1.2.2,10.1.1.2,32714,2458,30192,0.073880,1.269078,3.081774,0.075136
3,7,10.1.1.1,10.1.1.3,18,17,1,0.000022,0.031803,1.058824,0.944444
3,8,10.1.1.3,10.1.1.2,299,299,0,0.000347,0.188805,1.000000,1.000000
3,9,10.1.1.3,10.1.1.1,14,12,2,0.000016,0.105465,1.333333,0.857143
3,10,10.1.2.1,10.1.2.3,13,13,0,0.000016,0.000300,1.000000,1.000000
3,11,10.1.2.3,10.1.2.2,12,12,0,0.000014,0.000402,1.000000,1.000000
3,12,10.1.1.2,10.1.1.3,12,12,0,0.000014,0.007999,1.333333,1.000000
3,13,10.1.1.4,10.1.1.2,26,26,0,0.000031,0.001697,1.000000,1.000000
3,14,10.1.1.4,10.1.1.3,2,2,0,0.000003,0.025773,1.000000,1.000000
3,15,10.1.1.5,10.1.1.2,15,15,0,0.000018,0.000869,1.000000,1.000000
3,16,10.1.1.5,10.1.1.3,19,19,0,0.000024,0.005339,1.052632,1.000000
3,17,10.1.1.8,10.1.1.2,17,0,17,0.000000,0.000000,0.000000,0.000000
3,18,10.1.1.8,10.1.1.5,2,2,0,0.000003,1.934481,1.000000,1.000000
3,19,10.1.1.7,10.1.1.2,21,0,21,0.000000,0.000000,0.000000,0.000000
3,20,10.1.1.7,10.1.1.5,3,3,0,0.000004,0.335306,1.000000,1.000000
3,21,10.1.1.3,10.1.1.4,15,2,13,0.000003,0.175936,3.000000,0.133333
3,22,10.1.1.2,10.1.1.4,2,2,0,0.000002,0.010206,1.500000,1.000000
3,23,10.1.1.5,10.1.1.4,1,1,0,0.000001,0.008872,1.000000,1.000000
3,24,10.1.1.3,10.1.1.5,6,6,0,0.000008,0.028916,1.000000,1.000000
3,25,10.1.1.5,10.1.1.7,2,2,0,0.000003,0.008266,1.000000,1.000000
3,26,10.1.1.2,10.1.1.5,2,1,1,0.000001,0.009957,1.000000,0.500000
3,27,10.1.1.7,10.1.1.3,1,0,1,0.000000,0.000000,0.000000,0.000000
3,28,10.1.1.4,10.1.1.5,1,1,0,0.000001,0.008860,1.000000,1.000000
4,1,10.1.1.2,10.1.2.2,33935,1220,32715,0.036670,0.424396,4.054918,0.035951
4,2,10.1.3.2,10.1.3.1,443,443,0,0.000518,0.752476,1.000000,1.000000
4,3,10.1.2.1,10.1.2.2,1,1,0,0.000001,0.008980,1.000000,1.000000
4,4,10.1.3.1,10.1.3.2,42,42,0,0.000052,0.391835,1.000000,1.000000
4,5,10.1.1.1,10.1.1.2,61,58,3,0.000068,0.000653,1.000000,0.950820
4,6,10.1.2.5,10.1.2.1,4,4,0,0.000005,0.006289,1.000000,1.000000
4,7,10.1.2.5,10.1.2.2,201,201,0,0.000235,0.007108,1.000000,1.000000
4,8,10.1.2.8,10.1.2.4,39,39,0,0.000046,0.002736,1.000000,1.000000
4,9,10.1.2.8,10.1.2.2,132,132,0,0.000157,0.049380,1.007576,1.000000
4,10,10.1.2.1,10.1.2.5,26,24,2,0.000027,0.000718,1.000000,0.923077
4,11,10.1.2.4,10.1.2.8,110,110,0,0.000127,0.033982,1.000000,1.000000
4,12,10.1.2.4,10.1.2.1,29,29,0,0.000037,0.008261,1.000000,1.000000
4,13,10.1.2.2,10.1.1.2,32714,377,32328,0.011332,0.956839,4.344828,0.011524
4,14,10.1.2.6,10.1.2.1,14,14,0,0.000019,0.022793,1.071429,1.000000
4,15,10.1.2.6,10.1.2.2,2,2,0,0.000003,0.502072,1.000000,1.000000
4,16,10.1.2.1,10.1.2.6,10,10,0,0.000012,0.208194,1.200000,1.000000
4,17,10.1.2.6,10.1.2.5,7,7,0,0.000009,0.004083,1.000000,1.000000
4,18,10.1.1.3,10.1.1.1,13,11,2,0.000014,0.003086,1.090909,0.846154
4,19,10.1.1.3,10.1.1.2,52,52,0,0.000063,0.002084,1.000000,1.000000
4,20,10.1.1.4,10.1.1.1,1,1,0,0.000001,0.012007,1.000000,1.000000
4,21,10.1.1.4,10.1.1.2,87,82,5,0.000096,0.003047,1.000000,0.942529
4,22,10.1.1.8,10.1.1.1,4,4,0,0.000005,0.003686,1.000000,1.000000
4,23,10.1.1.8,10.1.1.2,104,104,0,0.000123,0.001448,1.000000,1.000000
4,24,10.1.1.1,10.1.1.8,75,71,4,0.000085,0.066135,1.014085,0.946667
4,25,10.1.1.1,10.1.1.4,4,4,0,0.000005,0.004272,1.000000,1.000000
4,26,10.1.1.1,10.1.1.3,72,69,3,0.000080,0.063171,1.000000,0.958333
4,27,10.1.1.2,10.1.1.8,2,2,0,0.000002,0.000404,1.000000,1.000000
4,28,10.1.2.4,10.1.2.5,58,57,1,0.000067,0.066820,1.000000,0.982759
4,29,10.1.2.2,10.1.2.5,1,1,0,0.000001,0.000304,1.000000,1.000000
4,30,10.1.2.5,10.1.2.6,3,3,0,0.000004,0.007030,1.000000,1.000000
4,31,10.1.2.1,10.1.2.4,19,17,2,0.000021,0.010185,1.294118,0.894737
4,32,10.1.2.6,10.1.2.4,3,3,0,0.000004,0.005665,1.000000,1.000000
4,33,10.1.2.5,10.1.2.4,2,2,0,0.000003,0.054255,2.500000,1.000000
4,34,10.1.2.8,10.1.2.5,1,1,0,0.000001,0.016219,1.000000,1.000000
4,35,10.1.2.5,10.1.2.8,1,1,0,0.000001,0.010026,1.000000,1.000000
4,36,10.1.2.6,10.1.2.8,53,53,0,0.000062,0.096695,1.000000,1.000000
4,37,10.1.2.2,10.1.2.8,1,1,0,0.000001,0.275535,1.000000,1.000000
4,38,10.1.1.2,10.1.1.3,21,20,1,0.000024,0.007335,1.150000,0.952381
4,39,10.1.1.7,10.1.1.2,25,25,0,0.000029,0.000934,1.000000,1.000000
4,40,10.1.1.7,10.1.1.3,1,1,0,0.000001,0.014132,1.000000,1.000000
4,41,10.1.1.6,10.1.1.4,24,15,9,0.000018,0.120023,1.000000,0.625000
4,42,10.1.1.6,10.1.1.3,2,2,0,0.000003,0.502461,1.000000,1.000000
4,43,10.1.1.3,10.1.1.7,3,3,0,0.000003,0.004779,1.000000,1.000000
4,44,10.1.2.4,10.1.2.6,1,1,0,0.000001,0.065828,1.000000,1.000000
4,45,10.1.1.4,10.1.1.3,3,3,0,0.000004,0.006795,1.000000,1.000000
4,46,10.1.1.3,10.1.1.4,7,7,0,0.000008,0.008491,1.285714,1.000000
4,47,10.1.1.2,10.1.1.4,2,2,0,0.000002,0.025387,1.500000,1.000000
4,48,10.1.1.3,10.1.1.8,1,1,0,0.000001,0.009118,1.000000,1.000000
4,49,10.1.2.8,10.1.2.6,1,1,0,0.000001,0.007290,1.000000,1.000000
4,50,10.1.1.5,10.1.1.3,4,4,0,0.000005,0.001657,1.000000,1.000000
4,51,10.1.1.5,10.1.1.1,2,2,0,0.000003,0.005061,1.000000,1.000000
4,52,10.1.1.3,10.1.1.5,2,2,0,0.000002,0.008403,1.500000,1.000000
4,53,10.1.1.8,10.1.1.3,1,1,0,0.000001,0.007603,1.000000,1.000000
4,54,10.1.1.4,10.1.1.6,1,1,0,0.000001,0.000643,1.000000,1.000000
5,1,10.1.1.2,10.1.2.2,33935,1332,32539,0.040036,0.519067,4.247748,0.039252
5,2,10.1.2.7,10.1.2.1,32,31,1,0.000042,0.010862,1.000000,0.968750
5,3,10.1.2.7,10.1.2.2,287,287,0,0.000338,0.163719,1.000000,1.000000
5,4,10.1.2.6,10.1.2.1,9,9,0,0.000012,0.005041,1.000000,1.000000
5,5,10.1.2.6,10.1.2.2,87,77,10,0.000092,0.003765,1.000000,0.885057
5,6,10.1.2.1,10.1.2.6,7,7,0,0.000007,0.144022,1.000000,1.000000
5,7,10.1.3.2,10.1.3.1,1990,1990,0,0.002292,1.274912,1.000000,1.000000
5,8,10.1.2.1,10.1.2.7,119,117,2,0.000133,0.348009,1.512821,0.983193
5,9,10.1.1.1,10.1.1.2,601,591,10,0.000688,0.005334,1.001692,0.983361
5,10,10.1.2.2,10.1.1.2,32714,1983,30667,0.059603,1.294084,4.155825,0.060616
5,11,10.1.3.1,10.1.3.2,50,50,0,0.000060,0.313843,1.000000,1.000000
5,12,10.1.2.6,10.1.2.4,6,6,0,0.000006,0.001875,1.000000,1.000000
5,13,10.1.2.4,10.1.2.2,67,67,0,0.000080,0.001035,1.000000,1.000000
5,14,10.1.2.7,10.1.2.4,6,6,0,0.000008,0.018537,1.000000,1.000000
5,15,10.1.2.8,10.1.2.1,5,5,0,0.000007,0.420147,1.000000,1.000000
5,16,10.1.2.8,10.1.2.7,9,8,1,0.000011,0.256656,1.000000,0.888889
5,17,10.1.2.5,10.1.2.1,9,7,2,0.000010,0.572794,1.000000,0.777778
5,18,10.1.2.5,10.1.2.8,7,7,0,0.000009,0.320367,1.000000,1.000000
5,19,10.1.2.4,10.1.2.6,4,4,0,0.000005,0.000304,1.000000,1.000000
5,20,10.1.2.6,10.1.2.8,5,5,0,0.000007,0.003872,1.000000,1.000000
5,21,10.1.2.8,10.1.2.5,4,4,0,0.000005,0.010469,1.000000,1.000000
5,22,10.1.2.7,10.1.2.6,2,2,0,0.000003,0.003129,1.000000,1.000000
5,23,10.1.2.1,10.1.2.5,1,1,0,0.000001,0.013492,1.000000,1.000000
5,24,10.1.2.8,10.1.2.6,5,5,0,0.000006,0.002019,1.000000,1.000000
5,25,10.1.2.6,10.1.2.7,3,3,0,0.000004,0.036123,1.000000,1.000000
5,26,10.1.1.1,10.1.1.7,33,32,1,0.000038,0.002423,1.000000,0.969697
5,27,10.1.1.7,10.1.1.2,159,159,0,0.000184,0.054374,1.000000,1.000000
5,28,10.1.1.7,10.1.1.1,2,2,0,0.000003,0.006015,1.000000,1.000000
5,29,10.1.2.4,10.1.2.7,1,1,0,0.000001,0.010886,1.000000,1.000000
5,30,10.1.1.2,10.1.1.1,3,3,0,0.000004,0.092849,1.000000,1.000000
5,31,10.1.1.5,10.1.1.2,8,8,0,0.000009,0.002489,1.000000,1.000000
5,32,10.1.1.5,10.1.1.7,1,1,0,0.000001,0.011315,1.000000,1.000000
5,33,10.1.1.7,10.1.1.5,3,3,0,0.000003,0.006160,1.000000,1.000000
